prompt,ttft_ms,e2e_ms,tokens,tpot_ms,cache_hit,error
Cache eviction policies determine which entries to remove when,1389.28,1389.36,25,0.0,False,
Memory efficiency in large language models is critical because,1390.18,1390.26,27,0.0,False,
Cache eviction policies determine which entries to remove when,2341.66,2341.77,48,0.0,False,
The attention mechanism computes a weighted sum of values based on,2342.56,2342.68,55,0.0,False,
The NUMA architecture affects memory access latency because,1879.08,1879.18,36,0.0,False,
The Python programming language was first released in 1991 and,1392.66,1392.74,26,0.0,False,
The time-to-first-token metric measures how long it takes before,2353.35,2353.48,49,0.0,False,
"The KV cache stores key and value tensors from previous tokens, allowing",1899.22,1899.32,38,0.0,False,
The NUMA architecture affects memory access latency because,1897.93,1898.03,37,0.0,False,
Throughput and latency are often in tension: optimizing for,2383.52,2383.7,49,0.0,False,
GPU memory bandwidth is often the limiting factor in,1907.5,1907.61,43,0.0,False,
Continuous batching allows the server to add new requests to,1457.01,1457.09,27,0.0,False,
Reinforcement learning is a type of machine learning in which,1910.05,1910.16,40,0.0,False,
Neural networks consist of layers of interconnected nodes that,1429.66,1429.74,30,0.0,False,
"The KV cache stores key and value tensors from previous tokens, allowing",1453.61,1453.68,27,0.0,False,
The time-to-first-token metric measures how long it takes before,2385.45,2385.57,50,0.0,False,
Photosynthesis is the process by which plants convert light energy into,2378.06,2378.17,39,0.0,False,
The Python programming language was first released in 1991 and,2377.45,2377.56,47,0.0,False,
Continuous batching allows the server to add new requests to,1929.82,1929.92,39,0.0,False,
Neural networks consist of layers of interconnected nodes that,2400.46,2400.6,55,0.0,False,
Continuous batching allows the server to add new requests to,2413.5,2413.63,57,0.0,False,
Speculative decoding works by using a smaller draft model to,1917.28,1917.39,43,0.0,False,
Speculative decoding works by using a smaller draft model to,2408.87,2409.0,55,0.0,False,
"Quantization reduces model size by representing weights with fewer bits, which",1965.74,1965.85,42,0.0,False,
GPU memory bandwidth is often the limiting factor in,1875.84,1875.94,38,0.0,False,
Distributed training splits computation across multiple devices to,1420.76,1420.84,27,0.0,False,
The transformer architecture was introduced in 2017 and has since,1398.62,1398.69,22,0.0,False,
Real-time text editing requires the model to respond within,2375.55,2375.68,55,0.0,False,
Memory efficiency in large language models is critical because,1913.07,1913.18,39,0.0,False,
Distributed training splits computation across multiple devices to,1462.58,1462.66,28,0.0,False,
